id,isbn,title,author,publisher,label,category,format,price,condition,sold,front,back,sample
9784004310020,9784004310020,憲法とは何か,長谷部恭男,岩波書店,岩波新書 1002,法・政治,shinsho,300,カバーに小さなシミあり,,images/9784004310020-front.webp,images/9784004310020-back.webp,
s01,,憲法と平和を問いなおす,長谷部恭男,筑摩書房,ちくま新書,法・政治,shinsho,300,,,,,1
s02,,日本の思想,丸山眞男,岩波書店,岩波新書,法・政治,shinsho,200,,,,,1
s03,,「空気」の研究,山本七平,文藝春秋,文春文庫,法・政治,bunko,250,,,,,1
s04,,断片的なものの社会学,岸政彦,朝日出版社,単行本,社会学,tanko,900,,,,,1
s05,,社会学入門,見田宗介,岩波書店,岩波新書,社会学,shinsho,300,,,,,1
s06,,忘れられた日本人,宮本常一,岩波書店,岩波文庫,社会学,bunko,350,,1,,,1
s07,,こころ,夏目漱石,新潮社,新潮文庫,文学,bunko,150,,,,,1
s08,,檸檬,梶井基次郎,新潮社,新潮文庫,文学,bunko,150,,,,,1
s09,,陰翳礼讃,谷崎潤一郎,中央公論新社,中公文庫,文学,bunko,300,,,,,1
s10,,寺田寅彦随筆集 第一巻,寺田寅彦,岩波書店,岩波文庫,科学,bunko,250,,,,,1
s11,,生物と無生物のあいだ,福岡伸一,講談社,講談社現代新書,科学,shinsho,200,,,,,1
s12,,宇宙は何でできているのか,村山斉,幻冬舎,幻冬舎新書,科学,shinsho,200,,,,,1
s13,,日本の歴史をよみなおす（全）,網野善彦,筑摩書房,ちくま学芸文庫,歴史,bunko,600,,,,,1
s14,,茶の本,岡倉覚三,岩波書店,岩波文庫,芸術・暮らし,bunko,200,,,,,1
s15,,民藝四十年,柳宗悦,岩波書店,岩波文庫,芸術・暮らし,bunko,400,,,,,1
9784102030141,9784102030141,二都物語,DickensCharles、加賀山卓朗,新潮社,新潮文庫,,bunko,,,,images/9784102030141-front.webp,images/9784102030141-back.webp,
b-IMG_4654,,,,,,,,,,,images/b-IMG_4654-front.webp,images/b-IMG_4654-back.webp,
9784004307921,9784004307921,ナチ・ドイツと言語 : ヒトラー演説から民衆の悪夢まで,宮田光雄,岩波書店,岩波新書,,shinsho,,,,images/9784004307921-front.webp,images/9784004307921-back.webp,
9784058022023,9784058022023,地球の歩き方. D25,,Gakken,,歴史・地理,,,,,images/9784058022023-front.webp,images/9784058022023-back.webp,
9784124035049,9784124035049,グレート・ギャツビー,FitzgeraldFrancisScott、村上春樹,中央公論新社,村上春樹翻訳ライブラリー,,,,,,images/9784124035049-front.webp,images/9784124035049-back.webp,
9784142231904,9784142231904,親鸞『教行信証』,釈徹宗,NHK出版,１００分 ｄｅ 名著,,,,,,images/9784142231904-front.webp,images/9784142231904-back.webp,
9780226458083,9780226458083,The Structure of scientific revolutions,Thomas、S.、Kuhn,The University of Chicago Press,,自然科学,,,,,images/9780226458083-front.webp,images/9780226458083-back.webp,
9784860641344,9784860641344,どんどん話すための瞬間英作文トレーニング,森沢洋介,ベレ出版,,語学,tanko,,,,images/9784860641344-front.webp,images/9784860641344-back.webp,
9784101092072,9784101092072,新編宮沢賢治詩集,宮沢賢治、天沢退二郎,新潮社,新潮文庫,,bunko,,,,images/9784101092072-front.webp,images/9784101092072-back.webp,
9784480420213,9784480420213,東大で上野千鶴子にケンカを学ぶ,遙洋子,筑摩書房,,文学,bunko,,,,images/9784480420213-front.webp,images/9784480420213-back.webp,
9784003330111,9784003330111,ブッダのことば : スッタニパータ,中村元,岩波書店,岩波文庫　３３‐３０１‐１,,bunko,,,,images/9784003330111-front.webp,images/9784003330111-back.webp,
9784003331019,9784003331019,臨済録,義玄-867、慧然宋代、入矢義高,岩波書店,岩波文庫,,bunko,,,,images/9784003331019-front.webp,images/9784003331019-back.webp,
9784101010045,9784101010045,三四郎,夏目漱石,新潮社,新潮文庫,,bunko,,,,images/9784101010045-front.webp,images/9784101010045-back.webp,
b-IMG_4678,,,,,,,,,,,images/b-IMG_4678-front.webp,images/b-IMG_4678-back.webp,
9784396111830,9784396111830,般若心経入門 : 276文字が語る人生の知恵,松原泰道,祥伝社,祥伝社新書,,shinsho,,,,images/9784396111830-front.webp,images/9784396111830-back.webp,
9784480816887,9784480816887,英語のハノン　フレーズ編,中村佐知子、横山雅彦,筑摩書房,,語学,tanko,,,,images/9784480816887-front.webp,images/9784480816887-back.webp,
b-IMG_4687,,,,,,,,,,,images/b-IMG_4687-front.webp,,
9784041314180,9784041314180,ジョゼと虎と魚たち,田辺聖子,角川書店,角川文庫,,bunko,,,,images/9784041314180-front.webp,images/9784041314180-back.webp,
b-IMG_4690,,,,,,,,,,,images/b-IMG_4690-front.webp,images/b-IMG_4690-back.webp,
9784121023421,9784121023421,沖縄現代史 : 米国統治、本土復帰から「オール沖縄」まで,櫻澤誠,中央公論新社,中公新書,,shinsho,,,,images/9784121023421-front.webp,images/9784121023421-back.webp,
9784004310020-2,9784004310020,憲法とは何か,長谷部恭男,岩波書店,岩波新書,,shinsho,,,,images/9784004310020-2-front.webp,images/9784004310020-2-back.webp,
9784480087058,9784480087058,意識に直接与えられたものについての試論,アンリ・ベルクソン、合田正人／翻、平井靖史／翻,筑摩書房,,,,,,,images/9784480087058-front.webp,images/9784480087058-back.webp,
9784151101014,9784151101014,アルジャーノンに花束を,KeyesDaniel、小尾芙佐、KeyesDaniel,早川書房,ダニエル・キイス文庫,,bunko,,,,images/9784151101014-front.webp,images/9784151101014-back.webp,
9784101144269,9784101144269,わが性と生,瀬戸内寂聴、瀬戸内晴美,新潮社,新潮文庫,,bunko,,,,images/9784101144269-front.webp,images/9784101144269-back.webp,
b-IMG_4703,,,,,,,,,,,images/b-IMG_4703-front.webp,images/b-IMG_4703-back.webp,
b-IMG_4705,,,,,,,,,,,images/b-IMG_4705-front.webp,,
9784094512625,9784094512625,やはり俺の青春ラブコメはまちがっている。,渡航,小学館,ガガガ文庫,,bunko,,,,images/9784094512625-front.webp,images/9784094512625-back.webp,
b-IMG_4709,,,,,,,,,,,images/b-IMG_4709-front.webp,images/b-IMG_4709-back.webp,
9784480684301,9784480684301,「みんな違ってみんないい」のか？,山口裕之,筑摩書房,ちくまプリマー新書,哲学・宗教,shinsho,,,,images/9784480684301-front.webp,images/9784480684301-back.webp,
9784004203865,9784004203865,子どもの宇宙,河合隼雄,岩波書店,岩波新書,,shinsho,,,,images/9784004203865-front.webp,images/9784004203865-back.webp,
9784062884495,9784062884495,社会学史,大沢真幸,講談社,講談社現代新書,,shinsho,,,,images/9784062884495-front.webp,images/9784062884495-back.webp,
9784910214351,9784910214351,白い船,ユン・フミョン、東峰直子,クオン,韓国文学ショートショート　きむ ふなセレクション,文学,tanko,,,,images/9784910214351-front.webp,images/9784910214351-back.webp,
9782070408504,9782070408504,Le petit prince,Saint-Exupéry、Antoine、de,Gallimard,,,,,,,images/9782070408504-front.webp,images/9782070408504-back.webp,
9784004318835,9784004318835,東南アジア史10講,古田元夫,岩波書店,岩波新書 新赤版,,shinsho,,,,images/9784004318835-front.webp,images/9784004318835-back.webp,
b-IMG_4723,,,,,,,,,,,images/b-IMG_4723-front.webp,images/b-IMG_4723-back.webp,
b-IMG_4725,,,,,,,,,,,images/b-IMG_4725-front.webp,images/b-IMG_4725-back.webp,
9784062764445,9784062764445,赤い指,東野圭吾,講談社,講談社文庫,,bunko,,,,images/9784062764445-front.webp,images/9784062764445-back.webp,
9784167277215,9784167277215,父の詫び状,向田邦子,文藝春秋,文春文庫,,bunko,,,,images/9784167277215-front.webp,images/9784167277215-back.webp,
b-IMG_4732,,,,,,,,,,,images/b-IMG_4732-front.webp,,
9784121019134,9784121019134,物語タイの歴史 : 微笑みの国の真実,柿崎一郎,中央公論新社,中公新書,,shinsho,,,,images/9784121019134-front.webp,images/9784121019134-back.webp,
9780241951453,9780241951453,Ｂｒｅａｋｆａｓｔ　ａｔ　Ｔｉｆｆａｎｙ’ｓ,21,Ｐｅｎｇｕｉｎ　Ｇｒｏｕｐ,,文学,,,,,images/9780241951453-front.webp,images/9780241951453-back.webp,
9784480071675,9784480071675,情報生産者になる,上野千鶴子,筑摩書房,ちくま新書,文学,shinsho,,,,images/9784480071675-front.webp,images/9784480071675-back.webp,
9784101063058,9784101063058,あすなろ物語,井上靖,新潮社,新潮文庫,,bunko,,,,images/9784101063058-front.webp,images/9784101063058-back.webp,
9784167653033,9784167653033,きれぎれ,町田康,文藝春秋,文春文庫,,bunko,,,,images/9784167653033-front.webp,images/9784167653033-back.webp,
b-IMG_4743,,,,,,,,,,,images/b-IMG_4743-front.webp,images/b-IMG_4743-back.webp,
b-IMG_4745,,,,,,,,,,,images/b-IMG_4745-front.webp,images/b-IMG_4745-back.webp,
9784003010112,9784003010112,新古今和歌集,源‖通具,岩波書店,岩波文庫,,bunko,,,,images/9784003010112-front.webp,images/9784003010112-back.webp,
9784142231201,9784142231201,ブルデュー『ディスタンクシオン』　：　「私」の根拠を開示する,岸政彦、日本放送協会、NHK出版、岸政彦、日本放送協会、NHK出版,NHK出版,NHKテキスト,,,,,,images/9784142231201-front.webp,images/9784142231201-back.webp,
b-IMG_4752,,,,,,,,,,,images/b-IMG_4752-front.webp,,
9784022513922,9784022513922,素手のふるまい : アートがさぐる〈未知の社会性〉,鷲田清一,朝日新聞出版,,,,,,,images/9784022513922-front.webp,images/9784022513922-back.webp,
9784002710334,9784002710334,買い物難民対策で田舎を残す,村上稔,岩波書店,岩波ブックレット,,,,,,images/9784002710334-front.webp,images/9784002710334-back.webp,
b-IMG_4758,,,,,,,,,,,images/b-IMG_4758-front.webp,,
9784816377822,9784816377822,音声DL版 オールカラー 基礎からレッスンはじめてのインドネシア語,欧米・アジア語学センター、深尾康夫、ディアー・ハフサリ,ナツメ社,,,,,,,images/9784816377822-front.webp,images/9784816377822-back.webp,
b-IMG_4763,,,,,,,,,,,images/b-IMG_4763-front.webp,,
9784791750825,9784791750825,ジョン・ケージ小鳥たちのために,ジョン・ケージ,青土社,,,,,,,images/9784791750825-front.webp,images/9784791750825-back.webp,
b-IMG_4770,,,,,,,,,,,images/b-IMG_4770-front.webp,images/b-IMG_4770-back.webp,
9784334975760,9784334975760,土井善晴の定番料理はこの1冊 : 「おいしい」と言われるワンポイント,土井善晴,光文社,,,,,,,images/9784334975760-front.webp,images/9784334975760-back.webp,
9784760149117,9784760149117,パリのすてきなおじさん,金井真紀,柏書房,,,,,,,images/9784760149117-front.webp,images/9784760149117-back.webp,
9784327451325,9784327451325,ネイティブスピーカーの単語力 1,大西泰斗、McVayPaulChris,研究社出版,Native speaker series,,,,,,images/9784327451325-front.webp,images/9784327451325-back.webp,
9784327451158,9784327451158,ネイティブスピーカーの前置詞 : ネイティブスピーカーの英文法2,大西泰斗、McVayPaulChris,研究社出版,,,,,,,images/9784327451158-front.webp,images/9784327451158-back.webp,
b-IMG_4780,,,,,,,,,,,images/b-IMG_4780-front.webp,images/b-IMG_4780-back.webp,
9784106021039,9784106021039,向田邦子暮しの愉しみ,向田邦子、向田和子,新潮社,とんぼの本,,,,,,images/9784106021039-front.webp,images/9784106021039-back.webp,
b-IMG_4784,,,,,,,,,,,images/b-IMG_4784-front.webp,images/b-IMG_4784-back.webp,
9784002710792,9784002710792,史上最悪の介護保険改定?!,上野千鶴子、樋口恵子,岩波書店,岩波ブックレット,,,,,,images/9784002710792-front.webp,images/9784002710792-back.webp,
9784791714216,9784791714216,,,,,,,,,,images/9784791714216-front.webp,images/9784791714216-back.webp,
9784167801625,9784167801625,おひとりさまの老後,上野千鶴子,文藝春秋,文春文庫,,bunko,,,,images/9784167801625-front.webp,images/9784167801625-back.webp,
9784101036267,9784101036267,学問,山田詠美,新潮社,新潮文庫,,bunko,,,,images/9784101036267-front.webp,images/9784101036267-back.webp,
b-IMG_4794,,,,,,,,,,,images/b-IMG_4794-front.webp,,
9784101001029,9784101001029,伊豆の踊子,川端康成,新潮社,新潮文庫,,bunko,,,,images/9784101001029-front.webp,images/9784101001029-back.webp,
b-IMG_4798,,,,,,,,,,,images/b-IMG_4798-front.webp,,
9784101001548,9784101001548,海辺のカフカ. 上巻,村上春樹,新潮社,新潮文庫,,bunko,,,,images/9784101001548-front.webp,images/9784101001548-back.webp,
b-IMG_4806,,,,,,,,,,,images/b-IMG_4806-front.webp,images/b-IMG_4806-back.webp,
9784062882330,9784062882330,ユーミンの罪,酒井順子,講談社,講談社現代新書,,shinsho,,,,images/9784062882330-front.webp,images/9784062882330-back.webp,
b-IMG_4812,,,,,,,,,,,images/b-IMG_4812-front.webp,,
9784022608086,9784022608086,,,,,,,,,,images/9784022608086-front.webp,images/9784022608086-back.webp,
9784124035322,9784124035322,村上ソングズ,村上春樹,中央公論新社,村上春樹翻訳ライブラリー,,,,,,images/9784124035322-front.webp,,
9784167348038,9784167348038,春の夢,宮本、輝,文芸春秋,文春文庫,文学,bunko,,,,images/9784167348038-front.webp,images/9784167348038-back.webp,
9784003316412,9784003316412,忘れられた日本人,宮本常一,岩波書店,,,,,,,images/9784003316412-front.webp,,
9784101001593,9784101001593,1Q84 (イチキュウハチヨン). BOOK1前編 (4月-6月),村上春樹,新潮社,新潮文庫,,bunko,,,,images/9784101001593-front.webp,images/9784101001593-back.webp,
9786101001603,9786101001603,,,,,,,,,,images/9786101001603-front.webp,images/9786101001603-back.webp,
9784480425645,9784480425645,ちくま日本文学０３４　寺田寅彦,寺田寅彦,筑摩書房,,,,,,,images/9784480425645-front.webp,images/9784480425645-back.webp,
9784041033159,9784041033159,羅生門・鼻・芋粥,芥川龍之介,ＫＡＤＯＫＡＷＡ,,文学,bunko,,,,images/9784041033159-front.webp,images/9784041033159-back.webp,
9784003107027,9784003107027,地獄変・邪宗門・好色・藪の中 : 他七篇,芥川龍之介,岩波書店,,,,,,,images/9784003107027-front.webp,images/9784003107027-back.webp,
9784041033142,9784041033142,蜘蛛の糸・地獄変 : 改編,芥川竜之介,角川書店,角川文庫,,bunko,,,,images/9784041033142-front.webp,images/9784041033142-back.webp,
b-IMG_4836,,,,,,,,,,,images/b-IMG_4836-front.webp,images/b-IMG_4836-back.webp,
9784043849017,9784043849017,グラスホッパー,伊坂幸太郎,角川グループパブリッシング ,角川文庫,,bunko,,,,images/9784043849017-front.webp,images/9784043849017-back.webp,
b-IMG_4840,,,,,,,,,,,images/b-IMG_4840-front.webp,images/b-IMG_4840-back.webp,
9784003394311,9784003394311,生物から見た世界,UexküllJakobvon、KriszatGeorg、ほか,岩波書店,岩波文庫,,bunko,,,,images/9784003394311-front.webp,images/9784003394311-back.webp,
9784101001548-2,9784101001548,海辺のカフカ. 上巻,村上春樹,新潮社,新潮文庫,,bunko,,,,images/9784101001548-2-front.webp,images/9784101001548-2-back.webp,
9784065212950,9784065212950,民主主義とは何か,宇野重規,講談社,講談社現代新書,,shinsho,,,,images/9784065212950-front.webp,images/9784065212950-back.webp,
b-IMG_4848,,,,,,,,,,,images/b-IMG_4848-front.webp,images/b-IMG_4848-back.webp,
b-IMG_4851,,,,,,,,,,,images/b-IMG_4851-front.webp,,
9784101001555,9784101001555,海辺のカフカ. 下巻,村上春樹,新潮社,新潮文庫,,bunko,,,,images/9784101001555-front.webp,images/9784101001555-back.webp,
9784101050010,9784101050010,仮面の告白,三島由紀夫,新潮社,新潮文庫,,bunko,,,,images/9784101050010-front.webp,images/9784101050010-back.webp,
9784101001616,9784101001616,1Q84 : [a novel]. BOOK2前編 (7月-9月),村上春樹,新潮社,新潮文庫,,bunko,,,,images/9784101001616-front.webp,images/9784101001616-back.webp,
9784101001623,9784101001623,1Q84 : [a novel]. BOOK2後編 (7月-9月),村上春樹,新潮社,新潮文庫,,bunko,,,,images/9784101001623-front.webp,images/9784101001623-back.webp,
9784101001630,9784101001630,1Q84 : [a novel]. BOOK3前編 (10月-12月),村上春樹,新潮社,新潮文庫,,bunko,,,,images/9784101001630-front.webp,images/9784101001630-back.webp,
9784101001647,9784101001647,1Q84 : [a novel]. BOOK3後編 (10月-12月),村上春樹,新潮社,新潮文庫,,bunko,,,,images/9784101001647-front.webp,images/9784101001647-back.webp,
9784480094810,9784480094810,公理と証明,彌永昌吉、赤攝也,筑摩書房,,,,,,,images/9784480094810-front.webp,images/9784480094810-back.webp,
b-IMG_4866,,,,,,,,,,,images/b-IMG_4866-front.webp,images/b-IMG_4866-back.webp,
b-IMG_4868,,,,,,,,,,,images/b-IMG_4868-front.webp,images/b-IMG_4868-back.webp,
9784101001418,9784101001418,ねじまき鳥クロニクル. 第1部(泥棒かささぎ編),村上春樹,新潮社,新潮文庫,,bunko,,,,images/9784101001418-front.webp,images/9784101001418-back.webp,
9784101001425,9784101001425,ねじまき鳥クロニクル. 第2部(予言する鳥編),村上春樹,新潮社,新潮文庫,,bunko,,,,images/9784101001425-front.webp,images/9784101001425-back.webp,
9784101001432,9784101001432,ねじまき鳥クロニクル. 第3部(鳥刺し男編),村上春樹,新潮社,新潮文庫,,bunko,,,,images/9784101001432-front.webp,images/9784101001432-back.webp,
9784062749138,9784062749138,羊をめぐる冒険. 下,村上春樹,講談社,講談社文庫,,bunko,,,,images/9784062749138-front.webp,images/9784062749138-back.webp,
b-IMG_4878,,,,,,,,,,,images/b-IMG_4878-front.webp,images/b-IMG_4878-back.webp,
9784167924256,9784167924256,ハンチバック,市川沙央,,文春文庫,,bunko,,,,images/9784167924256-front.webp,images/9784167924256-back.webp,
9784121012982,9784121012982,,,,,,,,,,images/9784121012982-front.webp,images/9784121012982-back.webp,
9784122030374,9784122030374,文明の生態史観,梅棹忠夫,中央公論社,中公文庫,,bunko,,,,images/9784122030374-front.webp,images/9784122030374-back.webp,
